{
  "accuracy": [
    0.20436376333236694,
    0.171875,
    0.2724384665489197,
    0.34375,
    0.3174375891685486,
    0.375,
    0.37050095200538635,
    0.40625,
    0.4225519299507141,
    0.4375,
    0.456205278635025,
    0.515625,
    0.4860534071922302,
    0.515625,
    0.5005760192871094,
    0.5,
    0.5166346430778503,
    0.40625,
    0.526130199432373,
    0.609375,
    0.5338104367256165,
    0.515625,
    0.5466224551200867,
    0.578125,
    0.5395357012748718,
    0.53125,
    0.5561180114746094,
    0.53125,
    0.558736264705658,
    0.703125,
    0.5687554478645325,
    0.609375,
    0.5737475752830505,
    0.546875,
    0.5821609497070312,
    0.65625,
    0.5864548683166504,
    0.53125,
    0.5903298854827881,
    0.546875,
    0.5909931659698486,
    0.578125,
    0.5947285890579224,
    0.6875,
    0.6100890040397644,
    0.71875,
    0.6153604388237,
    0.625,
    0.6227962970733643,
    0.59375,
    0.6240879893302917,
    0.625,
    0.6268458962440491,
    0.703125,
    0.6279630064964294,
    0.640625,
    0.6357828378677368,
    0.65625,
    0.6331297159194946,
    0.609375,
    0.6325711011886597,
    0.640625,
    0.6355035901069641,
    0.6875,
    0.6346307992935181,
    0.65625,
    0.6370047330856323,
    0.75,
    0.6375283598899841,
    0.640625
  ],
  "loss": [
    0.3564095199108124,
    0.30561208724975586,
    0.28126367926597595,
    0.24974198639392853,
    0.26016220450401306,
    0.22896316647529602,
    0.23894003033638,
    0.21971246600151062,
    0.21810127794742584,
    0.1986711621284485,
    0.204299196600914,
    0.19577376544475555,
    0.19285759329795837,
    0.17554384469985962,
    0.18631897866725922,
    0.1900707632303238,
    0.18061834573745728,
    0.17926830053329468,
    0.1756790727376938,
    0.150721937417984,
    0.17191708087921143,
    0.16377639770507812,
    0.16915880143642426,
    0.141853928565979,
    0.17094679176807404,
    0.16627159714698792,
    0.16454866528511047,
    0.17393819987773895,
    0.1628335565328598,
    0.13653342425823212,
    0.15979035198688507,
    0.14264428615570068,
    0.15735088288784027,
    0.1568867564201355,
    0.15571188926696777,
    0.1199159026145935,
    0.15377609431743622,
    0.17880120873451233,
    0.15205976366996765,
    0.18281489610671997,
    0.1507558822631836,
    0.154661625623703,
    0.1502784788608551,
    0.13194243609905243,
    0.14386698603630066,
    0.1262100636959076,
    0.14115595817565918,
    0.1414823979139328,
    0.1396232545375824,
    0.13927015662193298,
    0.138892263174057,
    0.1488867998123169,
    0.13704708218574524,
    0.13067470490932465,
    0.13744352757930756,
    0.11259110271930695,
    0.1345212608575821,
    0.12391411513090134,
    0.1347746104001999,
    0.14138822257518768,
    0.1344304233789444,
    0.13720703125,
    0.13329234719276428,
    0.13604503870010376,
    0.13359075784683228,
    0.1323133111000061,
    0.13367314636707306,
    0.12424346059560776,
    0.13366851210594177,
    0.1326870322227478
  ],
  "val_accuracy": [
    0.2477678507566452,
    0.248046875,
    0.3292410671710968,
    0.3341238796710968,
    0.3497488796710968,
    0.3458426296710968,
    0.4451729953289032,
    0.4390346109867096,
    0.4778180718421936,
    0.4753069281578064,
    0.4860491156578064,
    0.4840959906578064,
    0.5138114094734192,
    0.5150669813156128,
    0.5591517686843872,
    0.5604073405265808,
    0.5729631781578064,
    0.5726841688156128,
    0.5435267686843872,
    0.5435267686843872,
    0.5717076063156128,
    0.5725446343421936,
    0.5274832844734192,
    0.5308314561843872,
    0.5916573405265808,
    0.5927734375,
    0.5941685438156128,
    0.5934709906578064,
    0.5771484375,
    0.5785435438156128,
    0.6010044813156128,
    0.5982142686843872,
    0.6063057780265808,
    0.6082589030265808,
    0.6097935438156128,
    0.6079798936843872,
    0.6056082844734192,
    0.6025390625,
    0.6220703125,
    0.6206752061843872,
    0.6148158311843872,
    0.6143973469734192,
    0.6196986436843872,
    0.6195591688156128,
    0.6383928656578064,
    0.6388114094734192,
    0.6411830186843872,
    0.6407645344734192,
    0.6439732313156128,
    0.6442522406578064,
    0.6416015625,
    0.6421595811843872,
    0.6474609375,
    0.6471819281578064,
    0.6390904188156128,
    0.6392298936843872,
    0.6556919813156128,
    0.6555524468421936,
    0.654296875,
    0.654296875,
    0.65234375,
    0.6524832844734192,
    0.6535993218421936,
    0.6537388563156128,
    0.6552734375,
    0.6549944281578064,
    0.6565290093421936,
    0.65625,
    0.6548548936843872,
    0.6544364094734192
  ],
  "val_loss": [
    0.35164812207221985,
    0.34608742594718933,
    0.29331129789352417,
    0.2917790412902832,
    0.28535157442092896,
    0.28601008653640747,
    0.25623732805252075,
    0.2645162045955658,
    0.24202077090740204,
    0.24215467274188995,
    0.23816069960594177,
    0.24000971019268036,
    0.21893902122974396,
    0.21676914393901825,
    0.19663801789283752,
    0.1959870606660843,
    0.19150970876216888,
    0.19180794060230255,
    0.20404598116874695,
    0.20558783411979675,
    0.1900814324617386,
    0.1893026977777481,
    0.21106740832328796,
    0.20986999571323395,
    0.18304717540740967,
    0.18272265791893005,
    0.1845257431268692,
    0.1855163872241974,
    0.19067563116550446,
    0.1901613175868988,
    0.17801763117313385,
    0.1789584904909134,
    0.1755068451166153,
    0.1745622605085373,
    0.1773327887058258,
    0.17764534056186676,
    0.17699022591114044,
    0.17792071402072906,
    0.17129097878932953,
    0.17129111289978027,
    0.17523345351219177,
    0.1757241189479828,
    0.1753595769405365,
    0.17600250244140625,
    0.16484466195106506,
    0.16485296189785004,
    0.16487286984920502,
    0.16488614678382874,
    0.1630581170320511,
    0.16315379738807678,
    0.162321537733078,
    0.16234230995178223,
    0.16243568062782288,
    0.162587970495224,
    0.1646786779165268,
    0.16462825238704681,
    0.1601075679063797,
    0.1601153463125229,
    0.16008220613002777,
    0.16011454164981842,
    0.15999211370944977,
    0.15998981893062592,
    0.1604948788881302,
    0.16048257052898407,
    0.15969805419445038,
    0.15967418253421783,
    0.15889333188533783,
    0.1588539183139801,
    0.15942133963108063,
    0.15944333374500275
  ],