{
  "accuracy": [
    0.4253189265727997,
    0.515625,
    0.5122097134590149,
    0.5,
    0.556689977645874,
    0.546875,
    0.6116982102394104,
    0.625,
    0.6450335383415222,
    0.640625,
    0.6626266241073608,
    0.703125,
    0.6720600128173828,
    0.625,
    0.6888570189476013,
    0.78125,
    0.6982705593109131,
    0.75,
    0.7045793533325195,
    0.703125,
    0.7134555578231812,
    0.609375,
    0.7167990207672119,
    0.734375,
    0.7208191752433777,
    0.71875,
    0.7253965139389038,
    0.671875,
    0.7288395166397095,
    0.8125,
    0.7342925667762756,
    0.734375,
    0.7363623976707458,
    0.78125,
    0.7424920797348022,
    0.796875,
    0.7435269951820374,
    0.625,
    0.746293306350708,
    0.78125,
    0.7481043934822083,
    0.765625,
    0.7511294484138489,
    0.765625,
    0.7532190680503845,
    0.71875,
    0.7635082602500916,
    0.671875,
    0.7694787979125977,
    0.8125,
    0.7720261812210083,
    0.84375,
    0.7726630568504333,
    0.796875,
    0.775409460067749,
    0.796875,
    0.7750711441040039,
    0.875,
    0.7789320945739746,
    0.71875,
    0.7813999056816101,
    0.703125,
    0.780623733997345,
    0.8125,
    0.7825740575790405,
    0.765625,
    0.7796087265014648,
    0.71875,
    0.7823551893234253,
    0.6875
  ],
  "loss": [
    0.3160149157047272,
    0.23025789856910706,
    0.24324984848499298,
    0.2455006241798401,
    0.2182372361421585,
    0.21932759881019592,
    0.1898728609085083,
    0.1910267174243927,
    0.1731649935245514,
    0.166005939245224,
    0.16448335349559784,
    0.15861958265304565,
    0.1601758748292923,
    0.17083163559436798,
    0.15186966955661774,
    0.12084314972162247,
    0.1462564319372177,
    0.1389922797679901,
    0.14398141205310822,
    0.13598082959651947,
    0.14088930189609528,
    0.1761874556541443,
    0.13839507102966309,
    0.13195937871932983,
    0.13745182752609253,
    0.14299553632736206,
    0.13470904529094696,
    0.1317487359046936,
    0.13251003623008728,
    0.10396327823400497,
    0.13057515025138855,
    0.12049181759357452,
    0.12994089722633362,
    0.11387510597705841,
    0.12813100218772888,
    0.13426002860069275,
    0.12661851942539215,
    0.17790959775447845,
    0.12552422285079956,
    0.1225041002035141,
    0.1245051696896553,
    0.12267951667308807,
    0.12384290993213654,
    0.11238689720630646,
    0.12258170545101166,
    0.12249580025672913,
    0.11889491230249405,
    0.14704155921936035,
    0.1162712574005127,
    0.11022228002548218,
    0.11494503915309906,
    0.09849093854427338,
    0.11443762481212616,
    0.12196485698223114,
    0.11349670588970184,
    0.09585133194923401,
    0.11343909054994583,
    0.10479278862476349,
    0.11216779798269272,
    0.12117205560207367,
    0.11151814460754395,
    0.12961429357528687,
    0.1114957258105278,
    0.11430856585502625,
    0.11061348021030426,
    0.11704862117767334,
    0.11105044186115265,
    0.1314881443977356,
    0.11072542518377304,
    0.1401297003030777
  ],
  "val_accuracy": [
    0.2758091390132904,
    0.2763671875,
    0.3288225531578064,
    0.3203125,
    0.4118303656578064,
    0.4118303656578064,
    0.4727957546710968,
    0.4747488796710968,
    0.4991629421710968,
    0.5022321343421936,
    0.5318080186843872,
    0.5329241156578064,
    0.5471540093421936,
    0.5436663031578064,
    0.5539899468421936,
    0.5542689561843872,
    0.5684989094734192,
    0.5690569281578064,
    0.5724051594734192,
    0.5719866156578064,
    0.5782645344734192,
    0.578125,
    0.5867745280265808,
    0.5887276530265808,
    0.5888671875,
    0.587890625,
    0.5923548936843872,
    0.5947265625,
    0.5966796875,
    0.5952845811843872,
    0.6070033311843872,
    0.6092354655265808,
    0.6040736436843872,
    0.6057477593421936,
    0.6088169813156128,
    0.6109095811843872,
    0.6157923936843872,
    0.6153739094734192,
    0.6125836968421936,
    0.6148158311843872,
    0.6226283311843872,
    0.6231864094734192,
    0.5940290093421936,
    0.5934709906578064,
    0.6216517686843872,
    0.6293247938156128,
    0.6414620280265808,
    0.6420201063156128,
    0.6411830186843872,
    0.6410435438156128,
    0.6474609375,
    0.6471819281578064,
    0.6489955186843872,
    0.6484375,
    0.6463448405265808,
    0.6474609375,
    0.6473214030265808,
    0.6460658311843872,
    0.6470423936843872,
    0.646484375,
    0.6527622938156128,
    0.6527622938156128,
    0.6544364094734192,
    0.6547154188156128,
    0.6547154188156128,
    0.6547154188156128,
    0.6540178656578064,
    0.6540178656578064,
    0.6566685438156128,
    0.6563895344734192
  ],
  "val_loss": [
    0.3199326992034912,
    0.3195081651210785,
    0.3050302565097809,
    0.30562856793403625,
    0.258586585521698,
    0.2588258981704712,
    0.24164673686027527,
    0.2417607456445694,
    0.2300678789615631,
    0.22535477578639984,
    0.20959310233592987,
    0.20885680615901947,
    0.20883920788764954,
    0.2108512967824936,
    0.19992856681346893,
    0.2001035064458847,
    0.1926431506872177,
    0.19247153401374817,
    0.1959184855222702,
    0.19697722792625427,
    0.1906460076570511,
    0.1901472955942154,
    0.18515808880329132,
    0.1840129792690277,
    0.1905486285686493,
    0.1903245747089386,
    0.18994633853435516,
    0.18836133182048798,
    0.18286755681037903,
    0.18312518298625946,
    0.18074356019496918,
    0.18106985092163086,
    0.18054096400737762,
    0.18010935187339783,
    0.1773018091917038,
    0.17689892649650574,
    0.1772380918264389,
    0.17702582478523254,
    0.17469024658203125,
    0.17439523339271545,
    0.18063905835151672,
    0.17915146052837372,
    0.18926562368869781,
    0.18803821504116058,
    0.18838639557361603,
    0.1792016178369522,
    0.16531440615653992,
    0.16518214344978333,
    0.1648205667734146,
    0.16490893065929413,
    0.16314288973808289,
    0.16309593617916107,
    0.16266651451587677,
    0.162551149725914,
    0.16178934276103973,
    0.1618623435497284,
    0.16247865557670593,
    0.1624763458967209,
    0.16172464191913605,
    0.16173171997070312,
    0.1600780487060547,
    0.1600649058818817,
    0.16022925078868866,
    0.1602502316236496,
    0.16020157933235168,
    0.1602412760257721,
    0.16001226007938385,
    0.1600198745727539,
    0.15976977348327637,
    0.1597992479801178
  ],