{
  "accuracy": [
    0.20247861742973328,
    0.28125,
    0.2463955283164978,
    0.234375,
    0.3055332601070404,
    0.4375,
    0.37688949704170227,
    0.4375,
    0.4378076493740082,
    0.421875,
    0.4574969410896301,
    0.40625,
    0.4752312898635864,
    0.453125,
    0.4909757375717163,
    0.453125,
    0.5048350691795349,
    0.53125,
    0.51754230260849,
    0.5,
    0.5247687101364136,
    0.53125,
    0.5296561121940613,
    0.5625,
    0.5388724207878113,
    0.46875,
    0.5496247410774231,
    0.6875,
    0.5516495108604431,
    0.5625,
    0.5556990504264832,
    0.53125,
    0.5728050470352173,
    0.59375,
    0.5811136364936829,
    0.625,
    0.5826845765113831,
    0.5625,
    0.5816023945808411,
    0.5625,
    0.5794728398323059,
    0.6875,
    0.5831733345985413,
    0.46875,
    0.5894920825958252,
    0.625,
    0.5866992473602295,
    0.484375,
    0.5876069068908691,
    0.65625,
    0.5930179953575134,
    0.625,
    0.5912375450134277,
    0.640625,
    0.5959504246711731,
    0.71875,
    0.5938209295272827,
    0.578125,
    0.5971024632453918,
    0.640625,
    0.597346842288971,
    0.6875,
    0.602338969707489,
    0.640625,
    0.599441409111023,
    0.65625,
    0.6026531457901001,
    0.640625,
    0.6007331013679504,
    0.578125
  ],
  "loss": [
    0.3553983271121979,
    0.26452991366386414,
    0.2851499319076538,
    0.2909790873527527,
    0.2591676414012909,
    0.21703648567199707,
    0.2348167598247528,
    0.2265537977218628,
    0.21329189836978912,
    0.20547693967819214,
    0.2048196643590927,
    0.23050136864185333,
    0.19732056558132172,
    0.24670392274856567,
    0.1911914348602295,
    0.18939489126205444,
    0.1852579265832901,
    0.1841394305229187,
    0.18075132369995117,
    0.16906695067882538,
    0.1772337555885315,
    0.17044684290885925,
    0.17404673993587494,
    0.15399694442749023,
    0.17049971222877502,
    0.1738881766796112,
    0.16802756488323212,
    0.12974150478839874,
    0.1656082719564438,
    0.15254908800125122,
    0.16334444284439087,
    0.1494317650794983,
    0.15817604959011078,
    0.15006618201732635,
    0.15666203200817108,
    0.15178006887435913,
    0.15459619462490082,
    0.13503621518611908,
    0.15432219207286835,
    0.17705731093883514,
    0.1541684865951538,
    0.11689114570617676,
    0.15252068638801575,
    0.20299097895622253,
    0.1514633744955063,
    0.1413000524044037,
    0.15233716368675232,
    0.17643806338310242,
    0.15116773545742035,
    0.14891912043094635,
    0.1496376097202301,
    0.13791424036026,
    0.15007765591144562,
    0.15062430500984192,
    0.14920009672641754,
    0.12192097306251526,
    0.14915338158607483,
    0.14621174335479736,
    0.14830921590328217,
    0.15194782614707947,
    0.14793014526367188,
    0.12925797700881958,
    0.14637064933776855,
    0.12172790616750717,
    0.14708353579044342,
    0.17196786403656006,
    0.14572493731975555,
    0.12649786472320557,
    0.14650416374206543,
    0.15190526843070984
  ],
  "val_accuracy": [
    0.2546038031578064,
    0.2585100531578064,
    0.3246372640132904,
    0.3219866156578064,
    0.2091238796710968,
    0.19921875,
    0.3695591390132904,
    0.3772321343421936,
    0.4998604953289032,
    0.4997209906578064,
    0.5276227593421936,
    0.5279017686843872,
    0.5336216688156128,
    0.5345982313156128,
    0.5514788031578064,
    0.5505022406578064,
    0.5544084906578064,
    0.5546875,
    0.5620814561843872,
    0.5597098469734192,
    0.5697544813156128,
    0.5694754719734192,
    0.5771484375,
    0.5777064561843872,
    0.5753348469734192,
    0.5750557780265808,
    0.5936104655265808,
    0.5941685438156128,
    0.5862165093421936,
    0.5866350531578064,
    0.5835658311843872,
    0.5832868218421936,
    0.6120256781578064,
    0.6121651530265808,
    0.6187220811843872,
    0.619140625,
    0.6135602593421936,
    0.6135602593421936,
    0.6176060438156128,
    0.6178850531578064,
    0.6170479655265808,
    0.6169084906578064,
    0.6213727593421936,
    0.6212332844734192,
    0.6217913031578064,
    0.6216517686843872,
    0.6276506781578064,
    0.626953125,
    0.6188616156578064,
    0.619140625,
    0.6291852593421936,
    0.6293247938156128,
    0.6227678656578064,
    0.6237444281578064,
    0.6304408311843872,
    0.6304408311843872,
    0.6233258843421936,
    0.6236048936843872,
    0.6283482313156128,
    0.6283482313156128,
    0.6323939561843872,
    0.6322544813156128,
    0.6309989094734192,
    0.6309989094734192,
    0.6315569281578064,
    0.6314173936843872,
    0.6311383843421936,
    0.6305803656578064,
    0.6329520344734192,
    0.6329520344734192
  ],
  "val_loss": [
    0.3306102454662323,
    0.32977908849716187,
    0.29156166315078735,
    0.2917092740535736,
    0.34405502676963806,
    0.34838396310806274,
    0.31972023844718933,
    0.32359829545021057,
    0.22665737569332123,
    0.22628699243068695,
    0.21402707695960999,
    0.21422667801380157,
    0.20837876200675964,
    0.20862747728824615,
    0.19852854311466217,
    0.19847741723060608,
    0.19857284426689148,
    0.19868743419647217,
    0.19629846513271332,
    0.19627733528614044,
    0.19095419347286224,
    0.19127769768238068,
    0.18930260837078094,
    0.18900568783283234,
    0.19038517773151398,
    0.18994233012199402,
    0.18109825253486633,
    0.18104101717472076,
    0.18552204966545105,
    0.18580329418182373,
    0.18830403685569763,
    0.1883370578289032,
    0.1747499257326126,
    0.17474143207073212,
    0.17386041581630707,
    0.17386116087436676,
    0.1740867793560028,
    0.17414402961730957,
    0.17325592041015625,
    0.17324796319007874,
    0.17589719593524933,
    0.1758803278207779,
    0.17257368564605713,
    0.1725095957517624,
    0.1730913668870926,
    0.17311152815818787,
    0.17132119834423065,
    0.17135527729988098,
    0.17262104153633118,
    0.17264442145824432,
    0.1706194430589676,
    0.17056767642498016,
    0.17149004340171814,
    0.17141106724739075,
    0.16922780871391296,
    0.16916921734809875,
    0.1718641072511673,
    0.17187343537807465,
    0.17030148208141327,
    0.17022767663002014,
    0.1692768633365631,
    0.16926978528499603,
    0.16904541850090027,
    0.169061541557312,
    0.16945740580558777,
    0.16946451365947723,
    0.16905517876148224,
    0.169063538312912,
    0.16893291473388672,
    0.16893897950649261
  ],