{
  "USE_AUGMENTATION": true,
  "USE_OVERSAMPLING": true,
  "IMG_SIZE": 48,
  "BATCH_SIZE": 64,
  "EPOCHS": 70,
  "NUM_CLASSES": 7,
  "SMOOTHING": 0.05,
  "FOCAL_GAMMA": 2.0,
  "FOCAL_ALPHA": 0.25,
  "train_dir": "data/augmented/train",
  "val_dir": "data/augmented/test",
  "class_weight_cb": {
    "0": 0.9996704831027357,
    "1": 1.0007870480336662,
    "2": 0.9996081802286324,
    "3": 1.0000659808187502,
    "4": 0.9993815325817974,
    "5": 0.9993965507426561,
    "6": 1.001090224491761
  },
  "class_indices": {
    "angry": 0,
    "disgust": 1,
    "fear": 2,
    "happy": 3,
    "neutral": 4,
    "sad": 5,
    "surprise": 6
  }
}