{
  "accuracy": [
    0.1970142275094986,
    0.203125,
    0.29088854789733887,
    0.359375,
    0.37979856133461,
    0.296875,
    0.43410158157348633,
    0.453125,
    0.4672927260398865,
    0.484375,
    0.4920068681240082,
    0.484375,
    0.5052152276039124,
    0.59375,
    0.5237821936607361,
    0.515625,
    0.5359869599342346,
    0.609375,
    0.5458977222442627,
    0.65625,
    0.5572242736816406,
    0.453125,
    0.5630488395690918,
    0.515625,
    0.56910640001297,
    0.625,
    0.5751281380653381,
    0.625,
    0.5829420685768127,
    0.578125,
    0.5884440541267395,
    0.5625,
    0.592852771282196,
    0.625,
    0.5989999771118164,
    0.609375,
    0.6002903580665588,
    0.46875,
    0.6075128316879272,
    0.609375,
    0.6233019232749939,
    0.609375,
    0.6348435282707214,
    0.671875,
    0.6388759613037109,
    0.71875,
    0.640148401260376,
    0.65625,
    0.6410982608795166,
    0.65625,
    0.6456145644187927,
    0.609375,
    0.6478009819984436,
    0.546875,
    0.6516004204750061,
    0.515625,
    0.6508297920227051,
    0.703125,
    0.653016209602356,
    0.734375,
    0.6516541838645935,
    0.515625,
    0.6542707681655884,
    0.765625,
    0.6548621654510498,
    0.578125,
    0.6552385687828064,
    0.6875,
    0.6555790305137634,
    0.625
  ],
  "loss": [
    0.4015442728996277,
    0.3407469391822815,
    0.3148602545261383,
    0.2912962734699249,
    0.27386364340782166,
    0.2751598358154297,
    0.24863605201244354,
    0.2266455888748169,
    0.23433350026607513,
    0.20503249764442444,
    0.22368364036083221,
    0.214356929063797,
    0.2170359492301941,
    0.19545802474021912,
    0.20965635776519775,
    0.20260897278785706,
    0.20401649177074432,
    0.16560134291648865,
    0.19987761974334717,
    0.18648096919059753,
    0.19538436830043793,
    0.20765981078147888,
    0.19199836254119873,
    0.20202921330928802,
    0.18956072628498077,
    0.1629621982574463,
    0.1879274845123291,
    0.17527097463607788,
    0.18412290513515472,
    0.16980645060539246,
    0.18206143379211426,
    0.1825423240661621,
    0.1797984391450882,
    0.15112502872943878,
    0.1774151474237442,
    0.18104693293571472,
    0.1762724071741104,
    0.18852248787879944,
    0.17421816289424896,
    0.17750975489616394,
    0.16692206263542175,
    0.14866036176681519,
    0.1634109914302826,
    0.16690275073051453,
    0.16127146780490875,
    0.13980065286159515,
    0.16071763634681702,
    0.14451836049556732,
    0.15987475216388702,
    0.15876007080078125,
    0.15772731602191925,
    0.17495237290859222,
    0.1577642560005188,
    0.16649718582630157,
    0.15638966858386993,
    0.1777057945728302,
    0.1557617336511612,
    0.14643621444702148,
    0.15456482768058777,
    0.1351768970489502,
    0.15517613291740417,
    0.19862574338912964,
    0.15459367632865906,
    0.15044750273227692,
    0.15354974567890167,
    0.16152937710285187,
    0.15426580607891083,
    0.12320142984390259,
    0.15381629765033722,
    0.16989128291606903
  ],
  "val_accuracy": [
    0.267578125,
    0.2660435140132904,
    0.3909040093421936,
    0.3970424234867096,
    0.4903738796710968,
    0.4886997640132904,
    0.5435267686843872,
    0.5439453125,
    0.5558035969734192,
    0.5574776530265808,
    0.5505022406578064,
    0.5510602593421936,
    0.5679408311843872,
    0.5647321343421936,
    0.5613839030265808,
    0.5608258843421936,
    0.5680803656578064,
    0.5662667155265808,
    0.5869140625,
    0.5923548936843872,
    0.5920758843421936,
    0.5916573405265808,
    0.5993303656578064,
    0.6021205186843872,
    0.6012834906578064,
    0.6053292155265808,
    0.6142578125,
    0.6160714030265808,
    0.6149553656578064,
    0.6139788031578064,
    0.6222098469734192,
    0.6231864094734192,
    0.6194196343421936,
    0.6199776530265808,
    0.6420201063156128,
    0.6417410969734192,
    0.625,
    0.6241629719734192,
    0.6330915093421936,
    0.6336495280265808,
    0.6477399468421936,
    0.6476004719734192,
    0.6452288031578064,
    0.6443917155265808,
    0.6538783311843872,
    0.6540178656578064,
    0.6492745280265808,
    0.6488560438156128,
    0.6538783311843872,
    0.6534598469734192,
    0.6533203125,
    0.6530413031578064,
    0.6478794813156128,
    0.6471819281578064,
    0.6516461968421936,
    0.6513671875,
    0.6597377061843872,
    0.6597377061843872,
    0.6600167155265808,
    0.6602957844734192,
    0.6583426594734192,
    0.6577845811843872,
    0.6589006781578064,
    0.6591796875,
    0.6598772406578064,
    0.6605747938156128,
    0.6618303656578064,
    0.662109375,
    0.6611328125,
    0.6608538031578064
  ],
  "val_loss": [
    0.3274376094341278,
    0.33221766352653503,
    0.27400675415992737,
    0.2706625163555145,
    0.23624727129936218,
    0.23650546371936798,
    0.20109708607196808,
    0.20082637667655945,
    0.19907067716121674,
    0.19925762712955475,
    0.19899283349514008,
    0.20045821368694305,
    0.19833610951900482,
    0.1991373598575592,
    0.20298156142234802,
    0.20311756432056427,
    0.19292032718658447,
    0.1935562938451767,
    0.1906958371400833,
    0.1894078254699707,
    0.18711774051189423,
    0.18700993061065674,
    0.17930248379707336,
    0.17979153990745544,
    0.18569481372833252,
    0.18413059413433075,
    0.1764788180589676,
    0.17633815109729767,
    0.17501859366893768,
    0.17522309720516205,
    0.17612068355083466,
    0.17534874379634857,
    0.17409147322177887,
    0.17378400266170502,
    0.1673549860715866,
    0.1674576699733734,
    0.17205332219600677,
    0.17203859984874725,
    0.17187556624412537,
    0.17169089615345,
    0.165848970413208,
    0.16584639251232147,
    0.16664007306098938,
    0.16674122214317322,
    0.1650361269712448,
    0.16491980850696564,
    0.1660323143005371,
    0.1661459058523178,
    0.16438685357570648,
    0.16432379186153412,
    0.16351774334907532,
    0.16347850859165192,
    0.16607841849327087,
    0.16607160866260529,
    0.16413719952106476,
    0.1643143892288208,
    0.16207978129386902,
    0.1619763821363449,
    0.16197684407234192,
    0.16203410923480988,
    0.16231879591941833,
    0.1623450368642807,
    0.16165447235107422,
    0.1616612821817398,
    0.162248894572258,
    0.1622765213251114,
    0.16178922355175018,
    0.16176877915859222,
    0.16215158998966217,
    0.16215388476848602
  ],