{
  "accuracy": [
    0.27664074301719666,
    0.40625,
    0.43143123388290405,
    0.484375,
    0.49159467220306396,
    0.578125,
    0.5337287783622742,
    0.515625,
    0.5632460117340088,
    0.484375,
    0.584644615650177,
    0.53125,
    0.6021900177001953,
    0.59375,
    0.6282124519348145,
    0.515625,
    0.6442166566848755,
    0.59375,
    0.6671923995018005,
    0.65625,
    0.6889673471450806,
    0.703125,
    0.745492696762085,
    0.796875,
    0.7714792490005493,
    0.75,
    0.7867844700813293,
    0.796875,
    0.8066418170928955,
    0.875,
    0.8115882277488708,
    0.75,
    0.8157998323440552,
    0.828125,
    0.8207104206085205,
    0.8125,
    0.8200473189353943,
    0.78125
  ],
  "loss": [
    0.36613091826438904,
    0.2559066414833069,
    0.25269079208374023,
    0.22376233339309692,
    0.22196641564369202,
    0.21298255026340485,
    0.2050829529762268,
    0.22947444021701813,
    0.19206084311008453,
    0.21621061861515045,
    0.1837126761674881,
    0.1994418501853943,
    0.1758134365081787,
    0.15759119391441345,
    0.16529691219329834,
    0.18325984477996826,
    0.15799687802791595,
    0.18321138620376587,
    0.1499757170677185,
    0.1535690426826477,
    0.14108167588710785,
    0.1306285858154297,
    0.11996622383594513,
    0.1088978499174118,
    0.11096705496311188,
    0.1137734204530716,
    0.10547028481960297,
    0.10429278016090393,
    0.09945054352283478,
    0.08844904601573944,
    0.09817849099636078,
    0.09995293617248535,
    0.09630497545003891,
    0.09812828153371811,
    0.09502872079610825,
    0.09368394315242767,
    0.09493511915206909,
    0.09896053373813629
  ],
  "val_accuracy": [
    0.3150111734867096,
    0.3201729953289032,
    0.4907924234867096,
    0.4917689859867096,
    0.5206473469734192,
    0.5103236436843872,
    0.5220423936843872,
    0.5185546875,
    0.5359932780265808,
    0.5386439561843872,
    0.5234375,
    0.521484375,
    0.6190010905265808,
    0.6180245280265808,
    0.6116071343421936,
    0.6131417155265808,
    0.6351841688156128,
    0.6315569281578064,
    0.6321149468421936,
    0.6319754719734192,
    0.6187220811843872,
    0.6215122938156128,
    0.6586216688156128,
    0.6595982313156128,
    0.6640625,
    0.6637834906578064,
    0.6591796875,
    0.6591796875,
    0.6637834906578064,
    0.6639229655265808,
    0.6626673936843872,
    0.6628069281578064,
    0.6662946343421936,
    0.6667131781578064,
    0.6655970811843872,
    0.6657366156578064,
    0.6655970811843872,
    0.6655970811843872
  ],
  "val_loss": [
    0.30592823028564453,
    0.30408015847206116,
    0.22979047894477844,
    0.22976841032505035,
    0.21139292418956757,
    0.21408116817474365,
    0.21753272414207458,
    0.21826386451721191,
    0.21248005330562592,
    0.20857252180576324,
    0.21915975213050842,
    0.2189447432756424,
    0.17415070533752441,
    0.1746516078710556,
    0.17776484787464142,
    0.17730574309825897,
    0.17039844393730164,
    0.17106471955776215,
    0.1788255125284195,
    0.17636217176914215,
    0.17871756851673126,
    0.17710040509700775,
    0.1656031310558319,
    0.16567090153694153,
    0.16723544895648956,
    0.1672058254480362,
    0.16931307315826416,
    0.1692272424697876,
    0.1692221462726593,
    0.16919462382793427,
    0.1701638549566269,
    0.17019610106945038,
    0.17049036920070648,
    0.17050668597221375,
    0.1703120768070221,
    0.17035092413425446,
    0.17073869705200195,
    0.17073166370391846
  ],
  "learning_rate": [
    0.0010000000474974513,
    0.0010000000474974513,
    0.0010000000474974513,
    0.0010000000474974513,
    0.0010000000474974513,
    0.0010000000474974513,
    0.0010000000474974513,
    0.0010000000474974513,
    0.0010000000474974513,
    0.0010000000474974513,
    0.0010000000474974513,
    0.0010000000474974513,
    0.0010000000474974513,
    0.0010000000474974513,
    0.0010000000474974513,
    0.0010000000474974513,
    0.0010000000474974513,
    0.0010000000474974513,
    0.0010000000474974513,
    0.0010000000474974513,
    0.0010000000474974513,
    0.0010000000474974513,
    0.00020000000949949026,
    0.00020000000949949026,
    0.00020000000949949026,
    0.00020000000949949026,
    0.00020000000949949026,
    0.00020000000949949026,
    4.0000002627493814e-05,
    4.0000002627493814e-05,
    4.0000002627493814e-05,
    4.0000002627493814e-05,
    4.0000002627493814e-05,
    8.000000889296643e-06,
    8.000000889296643e-06,
    8.000000889296643e-06,
    8.000000889296643e-06,
    8.000000889296643e-06
  ]
}