{
  "accuracy": [
    0.31747251749038696,
    0.46875,
    0.45229533314704895,
    0.4375,
    0.5199860334396362,
    0.515625,
    0.5341595411300659,
    0.53125,
    0.571373701095581,
    0.671875,
    0.5921103358268738,
    0.609375,
    0.6071216464042664,
    0.59375,
    0.623878538608551,
    0.65625,
    0.6142433285713196,
    0.640625,
    0.6384709477424622,
    0.609375,
    0.694606363773346,
    0.671875,
    0.7223250269889832,
    0.8125,
    0.7408971786499023,
    0.671875,
    0.7578635215759277,
    0.765625,
    0.7694536447525024,
    0.765625,
    0.7751091122627258,
    0.71875,
    0.7818118333816528,
    0.8125,
    0.7840460538864136,
    0.734375
  ],
  "loss": [
    0.3065226674079895,
    0.24205544590950012,
    0.21181978285312653,
    0.1965108960866928,
    0.17985568940639496,
    0.18211787939071655,
    0.17296913266181946,
    0.19047987461090088,
    0.1587361991405487,
    0.1648840606212616,
    0.15096795558929443,
    0.14407002925872803,
    0.14425411820411682,
    0.15904995799064636,
    0.13965265452861786,
    0.14312797784805298,
    0.14304868876934052,
    0.1368415802717209,
    0.13321413099765778,
    0.12569168210029602,
    0.11438202857971191,
    0.15483789145946503,
    0.10528485476970673,
    0.09699766337871552,
    0.0998285636305809,
    0.10327628254890442,
    0.09382415562868118,
    0.10391074419021606,
    0.09103939682245255,
    0.10050294548273087,
    0.08982235193252563,
    0.10134968161582947,
    0.08753550797700882,
    0.08936387300491333,
    0.08743319660425186,
    0.09596210718154907
  ],
  "val_accuracy": [
    0.3773716390132904,
    0.3751395046710968,
    0.5006975531578064,
    0.4993024468421936,
    0.4395926296710968,
    0.4404296875,
    0.5498046875,
    0.5489676594734192,
    0.5735211968421936,
    0.5793805718421936,
    0.5442243218421936,
    0.5475725531578064,
    0.4320591390132904,
    0.4340122640132904,
    0.6010044813156128,
    0.5983538031578064,
    0.5669642686843872,
    0.5668247938156128,
    0.5944475531578064,
    0.5933314561843872,
    0.6414620280265808,
    0.6409040093421936,
    0.6429966688156128,
    0.6439732313156128,
    0.6436942219734192,
    0.6438336968421936,
    0.6482979655265808,
    0.6485770344734192,
    0.6526227593421936,
    0.6519252061843872,
    0.6541573405265808,
    0.6538783311843872,
    0.6549944281578064,
    0.6547154188156128,
    0.6545758843421936,
    0.6544364094734192
  ],
  "val_loss": [
    0.29807326197624207,
    0.29919061064720154,
    0.2329912632703781,
    0.23343691229820251,
    0.2770135998725891,
    0.2753966152667999,
    0.2039748579263687,
    0.20434008538722992,
    0.19570590555667877,
    0.19422651827335358,
    0.2121574580669403,
    0.21005918085575104,
    0.4430129826068878,
    0.40621137619018555,
    0.1878427416086197,
    0.18775232136249542,
    0.1968613862991333,
    0.19614998996257782,
    0.1900283396244049,
    0.18985210359096527,
    0.1669750064611435,
    0.1670144945383072,
    0.16878165304660797,
    0.16894732415676117,
    0.16954854130744934,
    0.1695854216814041,
    0.16776831448078156,
    0.16776563227176666,
    0.16747020184993744,
    0.1674703061580658,
    0.16883864998817444,
    0.16883735358715057,
    0.16887710988521576,
    0.16889086365699768,
    0.16871561110019684,
    0.16871432960033417
  ],
  "learning_rate": [
    0.0010000000474974513,
    0.0010000000474974513,
    0.0010000000474974513,
    0.0010000000474974513,
    0.0010000000474974513,
    0.0010000000474974513,
    0.0010000000474974513,
    0.0010000000474974513,
    0.0010000000474974513,
    0.0010000000474974513,
    0.0010000000474974513,
    0.0010000000474974513,
    0.0010000000474974513,
    0.0010000000474974513,
    0.0010000000474974513,
    0.0010000000474974513,
    0.0010000000474974513,
    0.0010000000474974513,
    0.0010000000474974513,
    0.0010000000474974513,
    0.00020000000949949026,
    0.00020000000949949026,
    0.00020000000949949026,
    0.00020000000949949026,
    0.00020000000949949026,
    0.00020000000949949026,
    4.0000002627493814e-05,
    4.0000002627493814e-05,
    4.0000002627493814e-05,
    4.0000002627493814e-05,
    4.0000002627493814e-05,
    8.000000889296643e-06,
    8.000000889296643e-06,
    8.000000889296643e-06,
    8.000000889296643e-06,
    8.000000889296643e-06
  ]
}